id,name,age,email,phone_number,address,photo_profile,user_lat,user_lot,createdAt,updatedAt
1,user1,20,userTrial1@gmail.com,81326812647,"Semarang, Jawa Tengah",user1.png,-11931,12311,08/06/2023 19:54,08/06/2023 19:54
2,user2,21,userTrial2@gmail.com,81326812647,"Bekasi, Jawa Barat",user2.png,-11931,12311,08/06/2023 19:54,08/06/2023 19:54
3,user3,23,userTrial3@gmail.com,81326812647,"Cirebon, Jawa Barat",user3.png,-11931,12311,08/06/2023 19:54,08/06/2023 19:54
4,user4,21,userTrial4@gmail.com,81326812647,"Bekasi, Jawa Barat",user4.png,-11931,12311,08/06/2023 19:54,08/06/2023 19:54
5,user5,20,userTrial5@gmail.com,81326812647,"Lampung, Sumatera Selatan",user5.png,-11931,12311,08/06/2023 19:54,08/06/2023 19:54
6,user6,18,userTrial6@gmail.com,81326812647,"Jakarta Utara, DKI Jakarta",user6.png,-11931,12311,08/06/2023 19:54,08/06/2023 19:54
7,user7,39,userTrial7@gmail.com,81326812647,"Jakarta Selatan, DKI Jakarta",user7.png,-11931,12311,08/06/2023 19:54,08/06/2023 19:54
8,user8,40,userTrial8@gmail.com,81326812647,"Bandung, Jawa Barat",user8.png,-11931,12311,08/06/2023 19:54,08/06/2023 19:54
9,user9,38,userTrial9@gmail.com,81326812647,"Surabaya, Jawa Timur",user9.png,-11931,12311,08/06/2023 19:54,08/06/2023 19:54
10,user10,39,userTrial10@gmail.com,81326812647,"Bekasi, Jawa Barat",user10.png,-11931,12311,08/06/2023 19:54,08/06/2023 19:54
11,user11,20,userTrial11@gmail.com,81326812647,"Yogyakarta, DIY",user11.png,-11931,12311,08/06/2023 19:54,08/06/2023 19:54
12,user12,37,userTrial12@gmail.com,81326812647,"Bogor, Jawa Barat",user12.png,-11931,12311,08/06/2023 19:54,08/06/2023 19:54
13,user13,18,userTrial13@gmail.com,81326812647,"Depok, Jawa Barat",user13.png,-11931,12311,08/06/2023 19:54,08/06/2023 19:54
14,user14,26,userTrial14@gmail.com,81326812647,"Jakarta Pusat, DKI Jakarta",user14.png,-11931,12311,08/06/2023 19:54,08/06/2023 19:54
15,user15,34,userTrial15@gmail.com,81326812647,"Jakarta Timur, DKI Jakarta",user15.png,-11931,12311,08/06/2023 19:54,08/06/2023 19:54
16,user16,40,userTrial16@gmail.com,81326812647,"Bekasi, Jawa Barat",user16.png,-11931,12311,08/06/2023 19:54,08/06/2023 19:54
17,user17,31,userTrial17@gmail.com,81326812647,"Semarang, Jawa Tengah",user17.png,-11931,12311,08/06/2023 19:54,08/06/2023 19:54
18,user18,39,userTrial18@gmail.com,81326812647,"Yogyakarta, DIY",user18.png,-11931,12311,08/06/2023 19:54,08/06/2023 19:54
19,user19,26,userTrial19@gmail.com,81326812647,"Cirebon, Jawa Barat",user19.png,-11931,12311,08/06/2023 19:54,08/06/2023 19:54
20,user20,30,userTrial20@gmail.com,81326812647,"Lampung, Sumatera Selatan",user20.png,-11931,12311,08/06/2023 19:54,08/06/2023 19:54
21,user21,30,userTrial21@gmail.com,81326812647,"Semarang, Jawa Tengah",user21.png,-11931,12311,08/06/2023 19:54,08/06/2023 19:54
22,user22,25,userTrial22@gmail.com,81326812647,"Subang, Jawa Barat",user22.png,-11931,12311,08/06/2023 19:54,08/06/2023 19:54
23,user23,37,userTrial23@gmail.com,81326812647,"Jakarta Barat, DKI Jakarta",user23.png,-11931,12311,08/06/2023 19:54,08/06/2023 19:54
24,user24,36,userTrial24@gmail.com,81326812647,"Bekasi, Jawa Barat",user24.png,-11931,12311,08/06/2023 19:54,08/06/2023 19:54
25,user25,40,userTrial25@gmail.com,81326812647,"Lampung, Sumatera Selatan",user25.png,-11931,12311,08/06/2023 19:54,08/06/2023 19:54
26,user26,38,userTrial26@gmail.com,81326812647,"Palembang, Sumatera Selatan",user26.png,-11931,12311,08/06/2023 19:54,08/06/2023 19:54
27,user27,22,userTrial27@gmail.com,81326812647,"Bogor, Jawa Barat",user27.png,-11931,12311,08/06/2023 19:54,08/06/2023 19:54
28,user28,38,userTrial28@gmail.com,81326812647,"Sragen, Jawa Tengah",user28.png,-11931,12311,08/06/2023 19:54,08/06/2023 19:54
29,user29,34,userTrial29@gmail.com,81326812647,"Ponorogo, Jawa Timur",user29.png,-11931,12311,08/06/2023 19:54,08/06/2023 19:54
30,user30,30,userTrial30@gmail.com,81326812647,"Depok, Jawa Barat",user30.png,-11931,12311,08/06/2023 19:54,08/06/2023 19:54
31,user31,26,userTrial31@gmail.com,81326812647,"Jakarta Selatan, DKI Jakarta",user31.png,-11931,12311,08/06/2023 19:54,08/06/2023 19:54
32,user32,34,userTrial32@gmail.com,81326812647,"Bekasi, Jawa Barat",user32.png,-11931,12311,08/06/2023 19:54,08/06/2023 19:54
33,user33,24,userTrial33@gmail.com,81326812647,"Ponorogo, Jawa Timur",user33.png,-11931,12311,08/06/2023 19:54,08/06/2023 19:54
34,user34,31,userTrial34@gmail.com,81326812647,"Sragen, Jawa Tengah",user34.png,-11931,12311,08/06/2023 19:54,08/06/2023 19:54
35,user35,24,userTrial35@gmail.com,81326812647,"Klaten, Jawa Tengah",user35.png,-11931,12311,08/06/2023 19:54,08/06/2023 19:54
36,user36,20,userTrial36@gmail.com,81326812647,"Solo, Jawa Tengah",user36.png,-11931,12311,08/06/2023 19:54,08/06/2023 19:54
37,user37,21,userTrial37@gmail.com,81326812647,"Tanggerang, Banten",user37.png,-11931,12311,08/06/2023 19:54,08/06/2023 19:54
38,user38,26,userTrial38@gmail.com,81326812647,"Serang, Banten",user38.png,-11931,12311,08/06/2023 19:54,08/06/2023 19:54
39,user39,32,userTrial39@gmail.com,81326812647,"Cilacap, Jawa Tengah",user39.png,-11931,12311,08/06/2023 19:54,08/06/2023 19:54
40,user40,27,userTrial40@gmail.com,81326812647,"Semarang, Jawa Tengah",user40.png,-11931,12311,08/06/2023 19:54,08/06/2023 19:54
41,user41,24,userTrial41@gmail.com,81326812647,"Yogyakarta, DIY",user41.png,-11931,12311,08/06/2023 19:54,08/06/2023 19:54
42,user42,37,userTrial42@gmail.com,81326812647,"Kota Gede, DIY",user42.png,-11931,12311,08/06/2023 19:54,08/06/2023 19:54
43,user43,33,userTrial43@gmail.com,81326812647,"Cirebon, Jawa Barat",user43.png,-11931,12311,08/06/2023 19:54,08/06/2023 19:54
44,user44,21,userTrial44@gmail.com,81326812647,"Subang, Jawa Barat",user44.png,-11931,12311,08/06/2023 19:54,08/06/2023 19:54
45,user45,25,userTrial45@gmail.com,81326812647,"Karawang, Jawa Barat",user45.png,-11931,12311,08/06/2023 19:54,08/06/2023 19:54
46,user46,38,userTrial46@gmail.com,81326812647,"Purwakarat, Jawa Barat",user46.png,-11931,12311,08/06/2023 19:54,08/06/2023 19:54
47,user47,31,userTrial47@gmail.com,81326812647,"Jakarta Utara, DKI Jakarta",user47.png,-11931,12311,08/06/2023 19:54,08/06/2023 19:54
48,user48,35,userTrial48@gmail.com,81326812647,"Jakarta Selatan, DKI Jakarta",user48.png,-11931,12311,08/06/2023 19:54,08/06/2023 19:54
49,user49,24,userTrial49@gmail.com,81326812647,"Jakarta Pusat, DKI Jakarta",user49.png,-11931,12311,08/06/2023 19:54,08/06/2023 19:54
50,user50,19,userTrial50@gmail.com,81326812647,"Bekasi, Jawa Barat",user50.png,-11931,12311,08/06/2023 19:54,08/06/2023 19:54
51,user51,29,userTrial51@gmail.com,81326812647,"Bogor, Jawa Barat",user51.png,-11931,12311,08/06/2023 19:54,08/06/2023 19:54
52,user52,18,userTrial52@gmail.com,81326812647,"Karawang, Jawa Barat",user52.png,-11931,12311,08/06/2023 19:54,08/06/2023 19:54
53,user53,28,userTrial53@gmail.com,81326812647,"Subang, Jawa Barat",user53.png,-11931,12311,08/06/2023 19:54,08/06/2023 19:54
54,user54,31,userTrial54@gmail.com,81326812647,"Serang, Banten",user54.png,-11931,12311,08/06/2023 19:54,08/06/2023 19:54
55,user55,19,userTrial55@gmail.com,81326812647,"Tanggerang, Banten",user55.png,-11931,12311,08/06/2023 19:54,08/06/2023 19:54
56,user56,18,userTrial56@gmail.com,81326812647,"Kota Gede, DIY",user56.png,-11931,12311,08/06/2023 19:54,08/06/2023 19:54
57,user57,21,userTrial57@gmail.com,81326812647,"Yogyakarta, DIY",user57.png,-11931,12311,08/06/2023 19:54,08/06/2023 19:54
58,user58,21,userTrial58@gmail.com,81326812647,"Lampung, Sumatera Selatan",user58.png,-11931,12311,08/06/2023 19:54,08/06/2023 19:54
59,user59,26,userTrial59@gmail.com,81326812647,"Ponorogo, Jawa Timur",user59.png,-11931,12311,08/06/2023 19:54,08/06/2023 19:54
60,user60,25,userTrial60@gmail.com,81326812647,"Surabaya, Jawa Timur",user60.png,-11931,12311,08/06/2023 19:54,08/06/2023 19:54
61,user61,23,userTrial61@gmail.com,81326812647,"Nganjuk, Jawa Timur",user61.png,-11931,12311,08/06/2023 19:54,08/06/2023 19:54
62,user62,36,userTrial62@gmail.com,81326812647,"Madura, Jawa Timur",user62.png,-11931,12311,08/06/2023 19:54,08/06/2023 19:54
63,user63,35,userTrial63@gmail.com,81326812647,"Semarang, Jawa Tengah",user63.png,-11931,12311,08/06/2023 19:54,08/06/2023 19:54
64,user64,38,userTrial64@gmail.com,81326812647,"Bandung, Jawa Barat",user64.png,-11931,12311,08/06/2023 19:54,08/06/2023 19:54
65,user65,22,userTrial65@gmail.com,81326812647,"Yogyakarta, DIY",user65.png,-11931,12311,08/06/2023 19:54,08/06/2023 19:54
66,user66,33,userTrial66@gmail.com,81326812647,"Bekasi, Jawa Barat",user66.png,-11931,12311,08/06/2023 19:54,08/06/2023 19:54
67,user67,25,userTrial67@gmail.com,81326812647,"Surabaya, Jawa Timur",user67.png,-11931,12311,08/06/2023 19:54,08/06/2023 19:54
68,user68,37,userTrial68@gmail.com,81326812647,"Kota Gede, DIY",user68.png,-11931,12311,08/06/2023 19:54,08/06/2023 19:54
69,user69,24,userTrial69@gmail.com,81326812647,"Bekasi, Jawa Barat",user69.png,-11931,12311,08/06/2023 19:54,08/06/2023 19:54
70,user70,21,userTrial70@gmail.com,81326812647,"Bogor, Jawa Barat",user70.png,-11931,12311,08/06/2023 19:54,08/06/2023 19:54
71,user71,39,userTrial71@gmail.com,81326812647,"Depok, Jawa Barat",user71.png,-11931,12311,08/06/2023 19:54,08/06/2023 19:54
72,user72,19,userTrial72@gmail.com,81326812647,"Tanggerang, Banten",user72.png,-11931,12311,08/06/2023 19:54,08/06/2023 19:54
73,user73,29,userTrial73@gmail.com,81326812647,"Serang, Banten",user73.png,-11931,12311,08/06/2023 19:54,08/06/2023 19:54
74,user74,30,userTrial74@gmail.com,81326812647,"Semarang, Jawa Tengah",user74.png,-11931,12311,08/06/2023 19:54,08/06/2023 19:54
75,user75,19,userTrial75@gmail.com,81326812647,"Bekasi, Jawa Barat",user75.png,-11931,12311,08/06/2023 19:54,08/06/2023 19:54
76,user76,19,userTrial76@gmail.com,81326812647,"Cirebon, Jawa Barat",user76.png,-11931,12311,08/06/2023 19:54,08/06/2023 19:54
77,user77,34,userTrial77@gmail.com,81326812647,"Bekasi, Jawa Barat",user77.png,-11931,12311,08/06/2023 19:54,08/06/2023 19:54
78,user78,22,userTrial78@gmail.com,81326812647,"Lampung, Sumatera Selatan",user78.png,-11931,12311,08/06/2023 19:54,08/06/2023 19:54
79,user79,31,userTrial79@gmail.com,81326812647,"Jakarta Utara, DKI Jakarta",user79.png,-11931,12311,08/06/2023 19:54,08/06/2023 19:54
80,user80,32,userTrial80@gmail.com,81326812647,"Jakarta Selatan, DKI Jakarta",user80.png,-11931,12311,08/06/2023 19:54,08/06/2023 19:54
81,user81,29,userTrial81@gmail.com,81326812647,"Bandung, Jawa Barat",user81.png,-11931,12311,08/06/2023 19:54,08/06/2023 19:54
82,user82,24,userTrial82@gmail.com,81326812647,"Surabaya, Jawa Timur",user82.png,-11931,12311,08/06/2023 19:54,08/06/2023 19:54
83,user83,32,userTrial83@gmail.com,81326812647,"Bekasi, Jawa Barat",user83.png,-11931,12311,08/06/2023 19:54,08/06/2023 19:54
84,user84,35,userTrial84@gmail.com,81326812647,"Yogyakarta, DIY",user84.png,-11931,12311,08/06/2023 19:54,08/06/2023 19:54
85,user85,31,userTrial85@gmail.com,81326812647,"Bogor, Jawa Barat",user85.png,-11931,12311,08/06/2023 19:54,08/06/2023 19:54
86,user86,32,userTrial86@gmail.com,81326812647,"Depok, Jawa Barat",user86.png,-11931,12311,08/06/2023 19:54,08/06/2023 19:54
87,user87,30,userTrial87@gmail.com,81326812647,"Jakarta Pusat, DKI Jakarta",user87.png,-11931,12311,08/06/2023 19:54,08/06/2023 19:54
88,user88,27,userTrial88@gmail.com,81326812647,"Jakarta Timur, DKI Jakarta",user88.png,-11931,12311,08/06/2023 19:54,08/06/2023 19:54
89,user89,35,userTrial89@gmail.com,81326812647,"Bekasi, Jawa Barat",user89.png,-11931,12311,08/06/2023 19:54,08/06/2023 19:54
90,user90,29,userTrial90@gmail.com,81326812647,"Semarang, Jawa Tengah",user90.png,-11931,12311,08/06/2023 19:54,08/06/2023 19:54
91,user91,32,userTrial91@gmail.com,81326812647,"Yogyakarta, DIY",user91.png,-11931,12311,08/06/2023 19:54,08/06/2023 19:54
92,user92,39,userTrial92@gmail.com,81326812647,"Cirebon, Jawa Barat",user92.png,-11931,12311,08/06/2023 19:54,08/06/2023 19:54
93,user93,18,userTrial93@gmail.com,81326812647,"Lampung, Sumatera Selatan",user93.png,-11931,12311,08/06/2023 19:54,08/06/2023 19:54
94,user94,34,userTrial94@gmail.com,81326812647,"Semarang, Jawa Tengah",user94.png,-11931,12311,08/06/2023 19:54,08/06/2023 19:54
95,user95,27,userTrial95@gmail.com,81326812647,"Subang, Jawa Barat",user95.png,-11931,12311,08/06/2023 19:54,08/06/2023 19:54
96,user96,19,userTrial96@gmail.com,81326812647,"Jakarta Barat, DKI Jakarta",user96.png,-11931,12311,08/06/2023 19:54,08/06/2023 19:54
97,user97,38,userTrial97@gmail.com,81326812647,"Bekasi, Jawa Barat",user97.png,-11931,12311,08/06/2023 19:54,08/06/2023 19:54
98,user98,28,userTrial98@gmail.com,81326812647,"Lampung, Sumatera Selatan",user98.png,-11931,12311,08/06/2023 19:54,08/06/2023 19:54
99,user99,33,userTrial99@gmail.com,81326812647,"Palembang, Sumatera Selatan",user99.png,-11931,12311,08/06/2023 19:54,08/06/2023 19:54
100,user100,28,userTrial100@gmail.com,81326812647,"Bogor, Jawa Barat",user100.png,-11931,12311,08/06/2023 19:54,08/06/2023 19:54
101,user101,39,userTrial101@gmail.com,81326812647,"Sragen, Jawa Tengah",user101.png,-11931,12311,08/06/2023 19:54,08/06/2023 19:54
102,user102,21,userTrial102@gmail.com,81326812647,"Ponorogo, Jawa Timur",user102.png,-11931,12311,08/06/2023 19:54,08/06/2023 19:54
103,user103,30,userTrial103@gmail.com,81326812647,"Depok, Jawa Barat",user103.png,-11931,12311,08/06/2023 19:54,08/06/2023 19:54
104,user104,27,userTrial104@gmail.com,81326812647,"Jakarta Selatan, DKI Jakarta",user104.png,-11931,12311,08/06/2023 19:54,08/06/2023 19:54
105,user105,37,userTrial105@gmail.com,81326812647,"Bekasi, Jawa Barat",user105.png,-11931,12311,08/06/2023 19:54,08/06/2023 19:54
106,user106,32,userTrial106@gmail.com,81326812647,"Ponorogo, Jawa Timur",user106.png,-11931,12311,08/06/2023 19:54,08/06/2023 19:54
107,user107,24,userTrial107@gmail.com,81326812647,"Sragen, Jawa Tengah",user107.png,-11931,12311,08/06/2023 19:54,08/06/2023 19:54
108,user108,33,userTrial108@gmail.com,81326812647,"Klaten, Jawa Tengah",user108.png,-11931,12311,08/06/2023 19:54,08/06/2023 19:54
109,user109,18,userTrial109@gmail.com,81326812647,"Solo, Jawa Tengah",user109.png,-11931,12311,08/06/2023 19:54,08/06/2023 19:54
110,user110,39,userTrial110@gmail.com,81326812647,"Tanggerang, Banten",user110.png,-11931,12311,08/06/2023 19:54,08/06/2023 19:54
111,user111,38,userTrial111@gmail.com,81326812647,"Serang, Banten",user111.png,-11931,12311,08/06/2023 19:54,08/06/2023 19:54
112,user112,18,userTrial112@gmail.com,81326812647,"Cilacap, Jawa Tengah",user112.png,-11931,12311,08/06/2023 19:54,08/06/2023 19:54
113,user113,38,userTrial113@gmail.com,81326812647,"Semarang, Jawa Tengah",user113.png,-11931,12311,08/06/2023 19:54,08/06/2023 19:54
114,user114,39,userTrial114@gmail.com,81326812647,"Yogyakarta, DIY",user114.png,-11931,12311,08/06/2023 19:54,08/06/2023 19:54
115,user115,26,userTrial115@gmail.com,81326812647,"Kota Gede, DIY",user115.png,-11931,12311,08/06/2023 19:54,08/06/2023 19:54
116,user116,23,userTrial116@gmail.com,81326812647,"Cirebon, Jawa Barat",user116.png,-11931,12311,08/06/2023 19:54,08/06/2023 19:54
117,user117,30,userTrial117@gmail.com,81326812647,"Subang, Jawa Barat",user117.png,-11931,12311,08/06/2023 19:54,08/06/2023 19:54
118,user118,32,userTrial118@gmail.com,81326812647,"Karawang, Jawa Barat",user118.png,-11931,12311,08/06/2023 19:54,08/06/2023 19:54
119,user119,25,userTrial119@gmail.com,81326812647,"Purwakarat, Jawa Barat",user119.png,-11931,12311,08/06/2023 19:54,08/06/2023 19:54
120,user120,32,userTrial120@gmail.com,81326812647,"Jakarta Utara, DKI Jakarta",user120.png,-11931,12311,08/06/2023 19:54,08/06/2023 19:54
121,user121,35,userTrial121@gmail.com,81326812647,"Jakarta Selatan, DKI Jakarta",user121.png,-11931,12311,08/06/2023 19:54,08/06/2023 19:54
122,user122,24,userTrial122@gmail.com,81326812647,"Jakarta Pusat, DKI Jakarta",user122.png,-11931,12311,08/06/2023 19:54,08/06/2023 19:54
123,user123,32,userTrial123@gmail.com,81326812647,"Bekasi, Jawa Barat",user123.png,-11931,12311,08/06/2023 19:54,08/06/2023 19:54
124,user124,22,userTrial124@gmail.com,81326812647,"Bogor, Jawa Barat",user124.png,-11931,12311,08/06/2023 19:54,08/06/2023 19:54
125,user125,24,userTrial125@gmail.com,81326812647,"Karawang, Jawa Barat",user125.png,-11931,12311,08/06/2023 19:54,08/06/2023 19:54
126,user126,32,userTrial126@gmail.com,81326812647,"Subang, Jawa Barat",user126.png,-11931,12311,08/06/2023 19:54,08/06/2023 19:54
127,user127,38,userTrial127@gmail.com,81326812647,"Serang, Banten",user127.png,-11931,12311,08/06/2023 19:54,08/06/2023 19:54
128,user128,28,userTrial128@gmail.com,81326812647,"Tanggerang, Banten",user128.png,-11931,12311,08/06/2023 19:54,08/06/2023 19:54
129,user129,29,userTrial129@gmail.com,81326812647,"Kota Gede, DIY",user129.png,-11931,12311,08/06/2023 19:54,08/06/2023 19:54
130,user130,27,userTrial130@gmail.com,81326812647,"Yogyakarta, DIY",user130.png,-11931,12311,08/06/2023 19:54,08/06/2023 19:54
131,user131,21,userTrial131@gmail.com,81326812647,"Lampung, Sumatera Selatan",user131.png,-11931,12311,08/06/2023 19:54,08/06/2023 19:54
132,user132,31,userTrial132@gmail.com,81326812647,"Ponorogo, Jawa Timur",user132.png,-11931,12311,08/06/2023 19:54,08/06/2023 19:54
133,user133,29,userTrial133@gmail.com,81326812647,"Surabaya, Jawa Timur",user133.png,-11931,12311,08/06/2023 19:54,08/06/2023 19:54
134,user134,27,userTrial134@gmail.com,81326812647,"Nganjuk, Jawa Timur",user134.png,-11931,12311,08/06/2023 19:54,08/06/2023 19:54
135,user135,22,userTrial135@gmail.com,81326812647,"Madura, Jawa Timur",user135.png,-11931,12311,08/06/2023 19:54,08/06/2023 19:54
136,user136,35,userTrial136@gmail.com,81326812647,"Semarang, Jawa Tengah",user136.png,-11931,12311,08/06/2023 19:54,08/06/2023 19:54
137,user137,28,userTrial137@gmail.com,81326812647,"Bandung, Jawa Barat",user137.png,-11931,12311,08/06/2023 19:54,08/06/2023 19:54
138,user138,25,userTrial138@gmail.com,81326812647,"Yogyakarta, DIY",user138.png,-11931,12311,08/06/2023 19:54,08/06/2023 19:54
139,user139,33,userTrial139@gmail.com,81326812647,"Bekasi, Jawa Barat",user139.png,-11931,12311,08/06/2023 19:54,08/06/2023 19:54
140,user140,25,userTrial140@gmail.com,81326812647,"Surabaya, Jawa Timur",user140.png,-11931,12311,08/06/2023 19:54,08/06/2023 19:54
141,user141,34,userTrial141@gmail.com,81326812647,"Kota Gede, DIY",user141.png,-11931,12311,08/06/2023 19:54,08/06/2023 19:54
142,user142,29,userTrial142@gmail.com,81326812647,"Bekasi, Jawa Barat",user142.png,-11931,12311,08/06/2023 19:54,08/06/2023 19:54
143,user143,25,userTrial143@gmail.com,81326812647,"Bogor, Jawa Barat",user143.png,-11931,12311,08/06/2023 19:54,08/06/2023 19:54
144,user144,18,userTrial144@gmail.com,81326812647,"Depok, Jawa Barat",user144.png,-11931,12311,08/06/2023 19:54,08/06/2023 19:54
145,user145,37,userTrial145@gmail.com,81326812647,"Tanggerang, Banten",user145.png,-11931,12311,08/06/2023 19:54,08/06/2023 19:54
146,user146,38,userTrial146@gmail.com,81326812647,"Serang, Banten",user146.png,-11931,12311,08/06/2023 19:54,08/06/2023 19:54
147,user147,18,userTrial147@gmail.com,81326812647,"Semarang, Jawa Tengah",user147.png,-11931,12311,08/06/2023 19:54,08/06/2023 19:54
148,user148,33,userTrial148@gmail.com,81326812647,"Bekasi, Jawa Barat",user148.png,-11931,12311,08/06/2023 19:54,08/06/2023 19:54
149,user149,30,userTrial149@gmail.com,81326812647,"Cirebon, Jawa Barat",user149.png,-11931,12311,08/06/2023 19:54,08/06/2023 19:54
150,user150,40,userTrial150@gmail.com,81326812647,"Bekasi, Jawa Barat",user150.png,-11931,12311,08/06/2023 19:54,08/06/2023 19:54
151,user151,36,userTrial151@gmail.com,81326812647,"Lampung, Sumatera Selatan",user151.png,-11931,12311,08/06/2023 19:54,08/06/2023 19:54
152,user152,25,userTrial152@gmail.com,81326812647,"Jakarta Utara, DKI Jakarta",user152.png,-11931,12311,08/06/2023 19:54,08/06/2023 19:54
153,user153,39,userTrial153@gmail.com,81326812647,"Jakarta Selatan, DKI Jakarta",user153.png,-11931,12311,08/06/2023 19:54,08/06/2023 19:54
154,user154,31,userTrial154@gmail.com,81326812647,"Bandung, Jawa Barat",user154.png,-11931,12311,08/06/2023 19:54,08/06/2023 19:54
155,user155,37,userTrial155@gmail.com,81326812647,"Surabaya, Jawa Timur",user155.png,-11931,12311,08/06/2023 19:54,08/06/2023 19:54
156,user156,31,userTrial156@gmail.com,81326812647,"Bekasi, Jawa Barat",user156.png,-11931,12311,08/06/2023 19:54,08/06/2023 19:54
157,user157,28,userTrial157@gmail.com,81326812647,"Yogyakarta, DIY",user157.png,-11931,12311,08/06/2023 19:54,08/06/2023 19:54
158,user158,23,userTrial158@gmail.com,81326812647,"Bogor, Jawa Barat",user158.png,-11931,12311,08/06/2023 19:54,08/06/2023 19:54
159,user159,20,userTrial159@gmail.com,81326812647,"Depok, Jawa Barat",user159.png,-11931,12311,08/06/2023 19:54,08/06/2023 19:54
160,user160,36,userTrial160@gmail.com,81326812647,"Jakarta Pusat, DKI Jakarta",user160.png,-11931,12311,08/06/2023 19:54,08/06/2023 19:54
161,user161,33,userTrial161@gmail.com,81326812647,"Jakarta Timur, DKI Jakarta",user161.png,-11931,12311,08/06/2023 19:54,08/06/2023 19:54
162,user162,25,userTrial162@gmail.com,81326812647,"Bekasi, Jawa Barat",user162.png,-11931,12311,08/06/2023 19:54,08/06/2023 19:54
163,user163,40,userTrial163@gmail.com,81326812647,"Semarang, Jawa Tengah",user163.png,-11931,12311,08/06/2023 19:54,08/06/2023 19:54
164,user164,19,userTrial164@gmail.com,81326812647,"Yogyakarta, DIY",user164.png,-11931,12311,08/06/2023 19:54,08/06/2023 19:54
165,user165,23,userTrial165@gmail.com,81326812647,"Cirebon, Jawa Barat",user165.png,-11931,12311,08/06/2023 19:54,08/06/2023 19:54
166,user166,26,userTrial166@gmail.com,81326812647,"Lampung, Sumatera Selatan",user166.png,-11931,12311,08/06/2023 19:54,08/06/2023 19:54
167,user167,19,userTrial167@gmail.com,81326812647,"Semarang, Jawa Tengah",user167.png,-11931,12311,08/06/2023 19:54,08/06/2023 19:54
168,user168,38,userTrial168@gmail.com,81326812647,"Subang, Jawa Barat",user168.png,-11931,12311,08/06/2023 19:54,08/06/2023 19:54
169,user169,18,userTrial169@gmail.com,81326812647,"Jakarta Barat, DKI Jakarta",user169.png,-11931,12311,08/06/2023 19:54,08/06/2023 19:54
170,user170,19,userTrial170@gmail.com,81326812647,"Bekasi, Jawa Barat",user170.png,-11931,12311,08/06/2023 19:54,08/06/2023 19:54
171,user171,33,userTrial171@gmail.com,81326812647,"Lampung, Sumatera Selatan",user171.png,-11931,12311,08/06/2023 19:54,08/06/2023 19:54
172,user172,34,userTrial172@gmail.com,81326812647,"Palembang, Sumatera Selatan",user172.png,-11931,12311,08/06/2023 19:54,08/06/2023 19:54
173,user173,29,userTrial173@gmail.com,81326812647,"Bogor, Jawa Barat",user173.png,-11931,12311,08/06/2023 19:54,08/06/2023 19:54
174,user174,32,userTrial174@gmail.com,81326812647,"Sragen, Jawa Tengah",user174.png,-11931,12311,08/06/2023 19:54,08/06/2023 19:54
175,user175,36,userTrial175@gmail.com,81326812647,"Ponorogo, Jawa Timur",user175.png,-11931,12311,08/06/2023 19:54,08/06/2023 19:54
176,user176,31,userTrial176@gmail.com,81326812647,"Depok, Jawa Barat",user176.png,-11931,12311,08/06/2023 19:54,08/06/2023 19:54
177,user177,35,userTrial177@gmail.com,81326812647,"Jakarta Selatan, DKI Jakarta",user177.png,-11931,12311,08/06/2023 19:54,08/06/2023 19:54
178,user178,33,userTrial178@gmail.com,81326812647,"Bekasi, Jawa Barat",user178.png,-11931,12311,08/06/2023 19:54,08/06/2023 19:54
179,user179,27,userTrial179@gmail.com,81326812647,"Ponorogo, Jawa Timur",user179.png,-11931,12311,08/06/2023 19:54,08/06/2023 19:54
180,user180,24,userTrial180@gmail.com,81326812647,"Sragen, Jawa Tengah",user180.png,-11931,12311,08/06/2023 19:54,08/06/2023 19:54
181,user181,29,userTrial181@gmail.com,81326812647,"Klaten, Jawa Tengah",user181.png,-11931,12311,08/06/2023 19:54,08/06/2023 19:54
182,user182,34,userTrial182@gmail.com,81326812647,"Solo, Jawa Tengah",user182.png,-11931,12311,08/06/2023 19:54,08/06/2023 19:54
183,user183,37,userTrial183@gmail.com,81326812647,"Tanggerang, Banten",user183.png,-11931,12311,08/06/2023 19:54,08/06/2023 19:54
184,user184,30,userTrial184@gmail.com,81326812647,"Serang, Banten",user184.png,-11931,12311,08/06/2023 19:54,08/06/2023 19:54
185,user185,33,userTrial185@gmail.com,81326812647,"Cilacap, Jawa Tengah",user185.png,-11931,12311,08/06/2023 19:54,08/06/2023 19:54
186,user186,28,userTrial186@gmail.com,81326812647,"Semarang, Jawa Tengah",user186.png,-11931,12311,08/06/2023 19:54,08/06/2023 19:54
187,user187,25,userTrial187@gmail.com,81326812647,"Yogyakarta, DIY",user187.png,-11931,12311,08/06/2023 19:54,08/06/2023 19:54
188,user188,37,userTrial188@gmail.com,81326812647,"Kota Gede, DIY",user188.png,-11931,12311,08/06/2023 19:54,08/06/2023 19:54
189,user189,21,userTrial189@gmail.com,81326812647,"Cirebon, Jawa Barat",user189.png,-11931,12311,08/06/2023 19:54,08/06/2023 19:54
190,user190,18,userTrial190@gmail.com,81326812647,"Subang, Jawa Barat",user190.png,-11931,12311,08/06/2023 19:54,08/06/2023 19:54
191,user191,32,userTrial191@gmail.com,81326812647,"Karawang, Jawa Barat",user191.png,-11931,12311,08/06/2023 19:54,08/06/2023 19:54
192,user192,37,userTrial192@gmail.com,81326812647,"Purwakarat, Jawa Barat",user192.png,-11931,12311,08/06/2023 19:54,08/06/2023 19:54
193,user193,20,userTrial193@gmail.com,81326812647,"Jakarta Utara, DKI Jakarta",user193.png,-11931,12311,08/06/2023 19:54,08/06/2023 19:54
194,user194,31,userTrial194@gmail.com,81326812647,"Jakarta Selatan, DKI Jakarta",user194.png,-11931,12311,08/06/2023 19:54,08/06/2023 19:54
195,user195,29,userTrial195@gmail.com,81326812647,"Jakarta Pusat, DKI Jakarta",user195.png,-11931,12311,08/06/2023 19:54,08/06/2023 19:54
196,user196,28,userTrial196@gmail.com,81326812647,"Bekasi, Jawa Barat",user196.png,-11931,12311,08/06/2023 19:54,08/06/2023 19:54
197,user197,27,userTrial197@gmail.com,81326812647,"Bogor, Jawa Barat",user197.png,-11931,12311,08/06/2023 19:54,08/06/2023 19:54
198,user198,26,userTrial198@gmail.com,81326812647,"Karawang, Jawa Barat",user198.png,-11931,12311,08/06/2023 19:54,08/06/2023 19:54
199,user199,18,userTrial199@gmail.com,81326812647,"Subang, Jawa Barat",user199.png,-11931,12311,08/06/2023 19:54,08/06/2023 19:54
200,user200,34,userTrial200@gmail.com,81326812647,"Serang, Banten",user200.png,-11931,12311,08/06/2023 19:54,08/06/2023 19:54
201,user201,21,userTrial201@gmail.com,81326812647,"Bekasi, Jawa Barat",user201.png,-11931,12311,08/06/2023 19:54,08/06/2023 19:54
202,user202,21,userTrial202@gmail.com,81326812647,"Lampung, Sumatera Selatan",user202.png,-11931,12311,08/06/2023 19:54,08/06/2023 19:54
203,user203,24,userTrial203@gmail.com,81326812647,"Jakarta Utara, DKI Jakarta",user203.png,-11931,12311,08/06/2023 19:54,08/06/2023 19:54
204,user204,21,userTrial204@gmail.com,81326812647,"Jakarta Selatan, DKI Jakarta",user204.png,-11931,12311,08/06/2023 19:54,08/06/2023 19:54
205,user205,24,userTrial205@gmail.com,81326812647,"Bandung, Jawa Barat",user205.png,-11931,12311,08/06/2023 19:54,08/06/2023 19:54
206,user206,30,userTrial206@gmail.com,81326812647,"Surabaya, Jawa Timur",user206.png,-11931,12311,08/06/2023 19:54,08/06/2023 19:54
207,user207,20,userTrial207@gmail.com,81326812647,"Bekasi, Jawa Barat",user207.png,-11931,12311,08/06/2023 19:54,08/06/2023 19:54
208,user208,27,userTrial208@gmail.com,81326812647,"Yogyakarta, DIY",user208.png,-11931,12311,08/06/2023 19:54,08/06/2023 19:54
209,user209,19,userTrial209@gmail.com,81326812647,"Bogor, Jawa Barat",user209.png,-11931,12311,08/06/2023 19:54,08/06/2023 19:54
210,user210,18,userTrial210@gmail.com,81326812647,"Depok, Jawa Barat",user210.png,-11931,12311,08/06/2023 19:54,08/06/2023 19:54
211,user211,22,userTrial211@gmail.com,81326812647,"Jakarta Pusat, DKI Jakarta",user211.png,-11931,12311,08/06/2023 19:54,08/06/2023 19:54
212,user212,28,userTrial212@gmail.com,81326812647,"Jakarta Timur, DKI Jakarta",user212.png,-11931,12311,08/06/2023 19:54,08/06/2023 19:54
213,user213,20,userTrial213@gmail.com,81326812647,"Bekasi, Jawa Barat",user213.png,-11931,12311,08/06/2023 19:54,08/06/2023 19:54
214,user214,30,userTrial214@gmail.com,81326812647,"Semarang, Jawa Tengah",user214.png,-11931,12311,08/06/2023 19:54,08/06/2023 19:54
215,user215,23,userTrial215@gmail.com,81326812647,"Yogyakarta, DIY",user215.png,-11931,12311,08/06/2023 19:54,08/06/2023 19:54
216,user216,28,userTrial216@gmail.com,81326812647,"Cirebon, Jawa Barat",user216.png,-11931,12311,08/06/2023 19:54,08/06/2023 19:54
217,user217,20,userTrial217@gmail.com,81326812647,"Lampung, Sumatera Selatan",user217.png,-11931,12311,08/06/2023 19:54,08/06/2023 19:54
218,user218,29,userTrial218@gmail.com,81326812647,"Semarang, Jawa Tengah",user218.png,-11931,12311,08/06/2023 19:54,08/06/2023 19:54
219,user219,24,userTrial219@gmail.com,81326812647,"Subang, Jawa Barat",user219.png,-11931,12311,08/06/2023 19:54,08/06/2023 19:54
220,user220,23,userTrial220@gmail.com,81326812647,"Jakarta Barat, DKI Jakarta",user220.png,-11931,12311,08/06/2023 19:54,08/06/2023 19:54
221,user221,30,userTrial221@gmail.com,81326812647,"Bekasi, Jawa Barat",user221.png,-11931,12311,08/06/2023 19:54,08/06/2023 19:54
222,user222,30,userTrial222@gmail.com,81326812647,"Lampung, Sumatera Selatan",user222.png,-11931,12311,08/06/2023 19:54,08/06/2023 19:54
223,user223,20,userTrial223@gmail.com,81326812647,"Palembang, Sumatera Selatan",user223.png,-11931,12311,08/06/2023 19:54,08/06/2023 19:54
224,user224,28,userTrial224@gmail.com,81326812647,"Bogor, Jawa Barat",user224.png,-11931,12311,08/06/2023 19:54,08/06/2023 19:54
225,user225,19,userTrial225@gmail.com,81326812647,"Sragen, Jawa Tengah",user225.png,-11931,12311,08/06/2023 19:54,08/06/2023 19:54
226,user226,23,userTrial226@gmail.com,81326812647,"Ponorogo, Jawa Timur",user226.png,-11931,12311,08/06/2023 19:54,08/06/2023 19:54
227,user227,25,userTrial227@gmail.com,81326812647,"Depok, Jawa Barat",user227.png,-11931,12311,08/06/2023 19:54,08/06/2023 19:54
228,user228,18,userTrial228@gmail.com,81326812647,"Jakarta Selatan, DKI Jakarta",user228.png,-11931,12311,08/06/2023 19:54,08/06/2023 19:54
229,user229,20,userTrial229@gmail.com,81326812647,"Bekasi, Jawa Barat",user229.png,-11931,12311,08/06/2023 19:54,08/06/2023 19:54
230,user230,20,userTrial230@gmail.com,81326812647,"Ponorogo, Jawa Timur",user230.png,-11931,12311,08/06/2023 19:54,08/06/2023 19:54
231,user231,28,userTrial231@gmail.com,81326812647,"Sragen, Jawa Tengah",user231.png,-11931,12311,08/06/2023 19:54,08/06/2023 19:54
232,user232,30,userTrial232@gmail.com,81326812647,"Klaten, Jawa Tengah",user232.png,-11931,12311,08/06/2023 19:54,08/06/2023 19:54
233,user233,23,userTrial233@gmail.com,81326812647,"Solo, Jawa Tengah",user233.png,-11931,12311,08/06/2023 19:54,08/06/2023 19:54
234,user234,27,userTrial234@gmail.com,81326812647,"Tanggerang, Banten",user234.png,-11931,12311,08/06/2023 19:54,08/06/2023 19:54
235,user235,18,userTrial235@gmail.com,81326812647,"Serang, Banten",user235.png,-11931,12311,08/06/2023 19:54,08/06/2023 19:54
236,user236,23,userTrial236@gmail.com,81326812647,"Cilacap, Jawa Tengah",user236.png,-11931,12311,08/06/2023 19:54,08/06/2023 19:54
237,user237,20,userTrial237@gmail.com,81326812647,"Semarang, Jawa Tengah",user237.png,-11931,12311,08/06/2023 19:54,08/06/2023 19:54
238,user238,30,userTrial238@gmail.com,81326812647,"Yogyakarta, DIY",user238.png,-11931,12311,08/06/2023 19:54,08/06/2023 19:54
239,user239,23,userTrial239@gmail.com,81326812647,"Kota Gede, DIY",user239.png,-11931,12311,08/06/2023 19:54,08/06/2023 19:54
240,user240,22,userTrial240@gmail.com,81326812647,"Cirebon, Jawa Barat",user240.png,-11931,12311,08/06/2023 19:54,08/06/2023 19:54
241,user241,20,userTrial241@gmail.com,81326812647,"Subang, Jawa Barat",user241.png,-11931,12311,08/06/2023 19:54,08/06/2023 19:54
242,user242,20,userTrial242@gmail.com,81326812647,"Karawang, Jawa Barat",user242.png,-11931,12311,08/06/2023 19:54,08/06/2023 19:54
243,user243,20,userTrial243@gmail.com,81326812647,"Purwakarat, Jawa Barat",user243.png,-11931,12311,08/06/2023 19:54,08/06/2023 19:54
244,user244,27,userTrial244@gmail.com,81326812647,"Jakarta Utara, DKI Jakarta",user244.png,-11931,12311,08/06/2023 19:54,08/06/2023 19:54
245,user245,27,userTrial245@gmail.com,81326812647,"Jakarta Selatan, DKI Jakarta",user245.png,-11931,12311,08/06/2023 19:54,08/06/2023 19:54
246,user246,28,userTrial246@gmail.com,81326812647,"Jakarta Pusat, DKI Jakarta",user246.png,-11931,12311,08/06/2023 19:54,08/06/2023 19:54
247,user247,28,userTrial247@gmail.com,81326812647,"Bekasi, Jawa Barat",user247.png,-11931,12311,08/06/2023 19:54,08/06/2023 19:54
248,user248,29,userTrial248@gmail.com,81326812647,"Bogor, Jawa Barat",user248.png,-11931,12311,08/06/2023 19:54,08/06/2023 19:54
249,user249,19,userTrial249@gmail.com,81326812647,"Karawang, Jawa Barat",user249.png,-11931,12311,08/06/2023 19:54,08/06/2023 19:54
250,user250,27,userTrial250@gmail.com,81326812647,"Subang, Jawa Barat",user250.png,-11931,12311,08/06/2023 19:54,08/06/2023 19:54
251,user251,29,userTrial251@gmail.com,81326812647,"Semarang, Jawa Tengah",user251.png,-11931,12311,08/06/2023 19:54,08/06/2023 19:54
252,user252,30,userTrial252@gmail.com,81326812647,"Bekasi, Jawa Barat",user252.png,-11931,12311,08/06/2023 19:54,08/06/2023 19:54
253,user253,34,userTrial253@gmail.com,81326812647,"Cirebon, Jawa Barat",user253.png,-11931,12311,08/06/2023 19:54,08/06/2023 19:54
254,user254,34,userTrial254@gmail.com,81326812647,"Bekasi, Jawa Barat",user254.png,-11931,12311,08/06/2023 19:54,08/06/2023 19:54
255,user255,30,userTrial255@gmail.com,81326812647,"Lampung, Sumatera Selatan",user255.png,-11931,12311,08/06/2023 19:54,08/06/2023 19:54
256,user256,39,userTrial256@gmail.com,81326812647,"Jakarta Utara, DKI Jakarta",user256.png,-11931,12311,08/06/2023 19:54,08/06/2023 19:54
257,user257,25,userTrial257@gmail.com,81326812647,"Jakarta Selatan, DKI Jakarta",user257.png,-11931,12311,08/06/2023 19:54,08/06/2023 19:54
258,user258,38,userTrial258@gmail.com,81326812647,"Bandung, Jawa Barat",user258.png,-11931,12311,08/06/2023 19:54,08/06/2023 19:54
259,user259,27,userTrial259@gmail.com,81326812647,"Surabaya, Jawa Timur",user259.png,-11931,12311,08/06/2023 19:54,08/06/2023 19:54
260,user260,33,userTrial260@gmail.com,81326812647,"Bekasi, Jawa Barat",user260.png,-11931,12311,08/06/2023 19:54,08/06/2023 19:54
261,user261,38,userTrial261@gmail.com,81326812647,"Yogyakarta, DIY",user261.png,-11931,12311,08/06/2023 19:54,08/06/2023 19:54
262,user262,38,userTrial262@gmail.com,81326812647,"Bogor, Jawa Barat",user262.png,-11931,12311,08/06/2023 19:54,08/06/2023 19:54
263,user263,27,userTrial263@gmail.com,81326812647,"Depok, Jawa Barat",user263.png,-11931,12311,08/06/2023 19:54,08/06/2023 19:54
264,user264,37,userTrial264@gmail.com,81326812647,"Jakarta Pusat, DKI Jakarta",user264.png,-11931,12311,08/06/2023 19:54,08/06/2023 19:54
265,user265,30,userTrial265@gmail.com,81326812647,"Jakarta Timur, DKI Jakarta",user265.png,-11931,12311,08/06/2023 19:54,08/06/2023 19:54
266,user266,32,userTrial266@gmail.com,81326812647,"Bekasi, Jawa Barat",user266.png,-11931,12311,08/06/2023 19:54,08/06/2023 19:54
267,user267,31,userTrial267@gmail.com,81326812647,"Semarang, Jawa Tengah",user267.png,-11931,12311,08/06/2023 19:54,08/06/2023 19:54
268,user268,32,userTrial268@gmail.com,81326812647,"Yogyakarta, DIY",user268.png,-11931,12311,08/06/2023 19:54,08/06/2023 19:54
269,user269,36,userTrial269@gmail.com,81326812647,"Cirebon, Jawa Barat",user269.png,-11931,12311,08/06/2023 19:54,08/06/2023 19:54
270,user270,25,userTrial270@gmail.com,81326812647,"Lampung, Sumatera Selatan",user270.png,-11931,12311,08/06/2023 19:54,08/06/2023 19:54
271,user271,37,userTrial271@gmail.com,81326812647,"Semarang, Jawa Tengah",user271.png,-11931,12311,08/06/2023 19:54,08/06/2023 19:54
272,user272,30,userTrial272@gmail.com,81326812647,"Subang, Jawa Barat",user272.png,-11931,12311,08/06/2023 19:54,08/06/2023 19:54
273,user273,33,userTrial273@gmail.com,81326812647,"Jakarta Barat, DKI Jakarta",user273.png,-11931,12311,08/06/2023 19:54,08/06/2023 19:54
274,user274,38,userTrial274@gmail.com,81326812647,"Bekasi, Jawa Barat",user274.png,-11931,12311,08/06/2023 19:54,08/06/2023 19:54
275,user275,34,userTrial275@gmail.com,81326812647,"Lampung, Sumatera Selatan",user275.png,-11931,12311,08/06/2023 19:54,08/06/2023 19:54
276,user276,39,userTrial276@gmail.com,81326812647,"Lampung, Sumatera Selatan",user276.png,-11931,12311,08/06/2023 19:54,08/06/2023 19:54
277,user277,29,userTrial277@gmail.com,81326812647,"Jakarta Utara, DKI Jakarta",user277.png,-11931,12311,08/06/2023 19:54,08/06/2023 19:54
278,user278,40,userTrial278@gmail.com,81326812647,"Jakarta Selatan, DKI Jakarta",user278.png,-11931,12311,08/06/2023 19:54,08/06/2023 19:54
279,user279,28,userTrial279@gmail.com,81326812647,"Bandung, Jawa Barat",user279.png,-11931,12311,08/06/2023 19:54,08/06/2023 19:54
280,user280,40,userTrial280@gmail.com,81326812647,"Surabaya, Jawa Timur",user280.png,-11931,12311,08/06/2023 19:54,08/06/2023 19:54
281,user281,30,userTrial281@gmail.com,81326812647,"Bekasi, Jawa Barat",user281.png,-11931,12311,08/06/2023 19:54,08/06/2023 19:54
282,user282,39,userTrial282@gmail.com,81326812647,"Yogyakarta, DIY",user282.png,-11931,12311,08/06/2023 19:54,08/06/2023 19:54
283,user283,37,userTrial283@gmail.com,81326812647,"Bogor, Jawa Barat",user283.png,-11931,12311,08/06/2023 19:54,08/06/2023 19:54
284,user284,29,userTrial284@gmail.com,81326812647,"Depok, Jawa Barat",user284.png,-11931,12311,08/06/2023 19:54,08/06/2023 19:54
285,user285,29,userTrial285@gmail.com,81326812647,"Jakarta Pusat, DKI Jakarta",user285.png,-11931,12311,08/06/2023 19:54,08/06/2023 19:54
286,user286,35,userTrial286@gmail.com,81326812647,"Jakarta Timur, DKI Jakarta",user286.png,-11931,12311,08/06/2023 19:54,08/06/2023 19:54
287,user287,27,userTrial287@gmail.com,81326812647,"Bekasi, Jawa Barat",user287.png,-11931,12311,08/06/2023 19:54,08/06/2023 19:54
288,user288,30,userTrial288@gmail.com,81326812647,"Semarang, Jawa Tengah",user288.png,-11931,12311,08/06/2023 19:54,08/06/2023 19:54
289,user289,35,userTrial289@gmail.com,81326812647,"Yogyakarta, DIY",user289.png,-11931,12311,08/06/2023 19:54,08/06/2023 19:54
290,user290,34,userTrial290@gmail.com,81326812647,"Cirebon, Jawa Barat",user290.png,-11931,12311,08/06/2023 19:54,08/06/2023 19:54
291,user291,25,userTrial291@gmail.com,81326812647,"Lampung, Sumatera Selatan",user291.png,-11931,12311,08/06/2023 19:54,08/06/2023 19:54
292,user292,29,userTrial292@gmail.com,81326812647,"Semarang, Jawa Tengah",user292.png,-11931,12311,08/06/2023 19:54,08/06/2023 19:54
293,user293,34,userTrial293@gmail.com,81326812647,"Subang, Jawa Barat",user293.png,-11931,12311,08/06/2023 19:54,08/06/2023 19:54
294,user294,28,userTrial294@gmail.com,81326812647,"Jakarta Barat, DKI Jakarta",user294.png,-11931,12311,08/06/2023 19:54,08/06/2023 19:54
295,user295,31,userTrial295@gmail.com,81326812647,"Bekasi, Jawa Barat",user295.png,-11931,12311,08/06/2023 19:54,08/06/2023 19:54
296,user296,31,userTrial296@gmail.com,81326812647,"Lampung, Sumatera Selatan",user296.png,-11931,12311,08/06/2023 19:54,08/06/2023 19:54
297,user297,39,userTrial297@gmail.com,81326812647,"Palembang, Sumatera Selatan",user297.png,-11931,12311,08/06/2023 19:54,08/06/2023 19:54
298,user298,38,userTrial298@gmail.com,81326812647,"Bogor, Jawa Barat",user298.png,-11931,12311,08/06/2023 19:54,08/06/2023 19:54
299,user299,27,userTrial299@gmail.com,81326812647,"Sragen, Jawa Tengah",user299.png,-11931,12311,08/06/2023 19:54,08/06/2023 19:54
300,user300,26,userTrial300@gmail.com,81326812647,"Ponorogo, Jawa Timur",user300.png,-11931,12311,08/06/2023 19:54,08/06/2023 19:54
